name,story_score,agency_score,event_score,world_score,suspense_score,surprise_score,curiosity_score
t1_c95k50u,0.0,1.0,1.0,1.0,2.75,2.25,1.75
t1_c95mz3n,0.8571428571428571,4.0,5.0,1.0,2.75,2.75,3.25
t1_c95l4my,0.8571428571428571,4.0,4.0,1.0,2.75,3.25,3.5
t1_c95mcms,0.8571428571428571,5.0,5.0,1.0,3.25,4.0,2.5
t3_1aenyc,1.0,5.0,5.0,3.6666666666666665,2.75,3.5,3.75
t1_c8wrovj,0.0,1.0,1.0,1.0,1.5,1.0,1.5
t1_c8wuxh2,1.0,4.666666666666667,4.666666666666667,3.3333333333333335,2.75,2.5,4.25
t1_cssxisl,0.0,1.0,1.0,1.0,1.0,1.0,1.5
t1_c9zukmv,0.42857142857142855,1.0,1.0,2.0,2.0,3.0,2.75
t1_cjy73pb,0.0,1.0,1.0,1.0,2.5,1.25,1.75
t1_cjy865a,0.0,1.0,1.0,1.0,1.0,1.25,1.25
t1_cg9ansq,0.0,1.0,1.0,1.0,1.25,1.25,1.0
t1_cg7ybnn,0.42857142857142855,1.3333333333333333,1.0,1.0,1.5,2.25,3.0
t1_cm5lvxq,0.0,1.6666666666666667,1.0,1.3333333333333333,1.5,1.75,1.25
t1_cm5mup4,0.14285714285714285,1.0,1.0,1.3333333333333333,1.75,1.25,2.0
t1_cm5xfbn,0.8571428571428571,4.666666666666667,4.333333333333333,3.3333333333333335,2.0,2.25,3.25
t1_cm5mwyw,1.0,5.0,5.0,4.666666666666667,2.75,2.5,3.0
t1_cm5nasq,0.5714285714285714,2.0,1.0,2.0,1.75,2.0,2.0
t1_cm5niv6,0.8571428571428571,3.3333333333333335,3.6666666666666665,3.3333333333333335,2.75,3.75,3.75
t1_cm5nwf0,1.0,5.0,4.666666666666667,2.3333333333333335,3.0,2.5,3.5
t1_cm5nyuj,1.0,4.666666666666667,4.666666666666667,4.666666666666667,2.25,2.0,3.0
t3_1pg4zf,0.42857142857142855,1.0,1.0,1.0,3.0,3.25,3.25
t1_cd2oaft,0.0,1.0,1.0,1.0,1.75,2.25,2.25
t1_cd2rjoh,0.0,1.0,1.0,1.0,1.0,1.0,1.0
t1_cd2ssov,0.42857142857142855,2.0,1.6666666666666667,1.0,1.75,1.75,2.25
t3_2x4qkh,0.42857142857142855,5.0,5.0,3.6666666666666665,1.5,1.75,1.75
t1_cowyuji,1.0,4.666666666666667,5.0,1.0,3.25,3.5,4.0
t1_cg5uill,0.7142857142857143,3.3333333333333335,4.0,1.6666666666666667,2.25,2.75,3.0
t1_cg5u5za,0.5714285714285714,2.6666666666666665,3.6666666666666665,1.0,3.0,2.5,2.25
t1_cg5vvtk,0.0,1.0,1.0,1.0,1.0,1.25,1.75
t1_cg676fl,0.0,1.0,1.0,1.0,1.25,1.5,3.0
t1_cg6891i,0.0,1.0,1.0,1.0,1.25,2.0,2.25
t1_cs8wghl,0.42857142857142855,1.3333333333333333,1.0,1.0,2.75,2.75,2.25
t1_cs8ywso,0.5714285714285714,1.0,1.0,1.0,2.0,2.0,2.75
t1_cs96nzv,0.5714285714285714,1.0,1.0,1.0,3.0,2.25,2.75
t3_2cy7r8,0.42857142857142855,4.666666666666667,3.6666666666666665,3.3333333333333335,2.5,2.5,2.25
t1_cjkhajj,0.14285714285714285,1.0,1.0,1.0,2.0,1.75,2.25
t1_cjkh0e7,0.5714285714285714,3.0,2.0,1.0,2.5,2.5,2.25
t3_34yo0h,0.42857142857142855,4.666666666666667,4.666666666666667,4.333333333333333,1.25,1.5,1.5
t1_cqze8zq,0.0,1.0,1.0,1.0,1.0,2.25,2.25
t1_cqzdpbc,1.0,5.0,5.0,2.3333333333333335,3.25,3.75,2.75
t1_chsthjv,0.0,1.0,1.0,1.0,1.0,1.25,1.25
t1_chstlop,0.0,1.3333333333333333,1.3333333333333333,1.0,2.0,2.0,2.0
t1_chstdo9,0.0,1.0,1.0,1.0,1.5,1.5,2.25
t1_chstnie,0.0,1.0,1.0,1.0,2.0,1.75,2.25
t1_chtmsji,0.5714285714285714,1.0,1.0,1.0,1.75,2.5,2.25
t1_cf6guot,1.0,5.0,4.666666666666667,4.333333333333333,4.0,4.25,3.75
t1_cf6jm5k,0.0,1.0,1.0,1.0,1.25,1.5,3.0
t1_cf6qwoo,1.0,4.666666666666667,4.0,2.0,3.25,3.0,3.5
t1_clikadz,0.42857142857142855,1.3333333333333333,3.3333333333333335,1.0,2.5,2.5,3.0
t1_clipfjz,0.5714285714285714,1.0,1.0,1.0,2.0,2.5,2.25
t1_cliyfh1,0.14285714285714285,1.6666666666666667,2.0,1.0,3.25,3.5,3.0
t1_cstu94m,0.0,1.0,1.0,1.0,2.25,2.0,1.5
t1_csuck5d,0.0,1.0,1.0,2.3333333333333335,1.75,1.5,2.0
t1_cstvbko,0.5714285714285714,2.3333333333333335,2.3333333333333335,1.0,2.75,3.75,2.75
t1_cstvlvt,0.0,1.0,1.0,1.0,2.25,2.5,2.75
t1_cstwvof,0.0,1.0,1.0,1.0,1.0,1.75,1.5
t1_csudcox,0.0,1.0,1.0,1.0,1.25,2.0,1.75
t1_cstvopg,0.7142857142857143,4.666666666666667,4.666666666666667,1.0,3.25,3.75,3.25
t1_cstx7qd,1.0,4.0,4.666666666666667,2.3333333333333335,2.5,4.0,3.0
t1_csuddim,0.0,1.0,1.0,1.0,1.0,1.5,1.25
t1_cstvpcf,0.14285714285714285,1.0,1.0,1.0,1.5,2.75,2.75
t1_cstvpqw,0.42857142857142855,1.0,1.0,1.0,2.25,2.5,2.75
t1_csu57ld,0.0,1.0,1.0,1.0,1.5,1.25,1.5
t1_csu7lg5,0.8571428571428571,3.6666666666666665,4.333333333333333,1.6666666666666667,2.25,2.25,2.25
t1_csudgkr,0.0,1.0,1.0,1.0,1.25,1.5,1.75
t1_csu0f6s,0.42857142857142855,1.0,1.0,1.0,3.0,3.0,2.75
t1_csv5ef5,0.7142857142857143,3.3333333333333335,2.6666666666666665,1.0,2.25,2.5,3.25
t1_csu1ujy,0.0,1.0,1.0,1.0,1.5,1.75,2.75
t1_csu57h5,0.5714285714285714,1.0,1.0,1.0,3.5,2.5,2.5
t1_csudikx,0.0,1.0,1.0,1.0,1.0,1.0,1.5
t3_1bcfz2,0.5714285714285714,1.0,1.0,1.0,3.5,3.75,3.5
t1_c95qp1r,0.7142857142857143,2.6666666666666665,2.6666666666666665,1.0,3.25,4.0,3.5
t1_ctl8trd,0.0,1.6666666666666667,1.0,1.0,1.75,2.5,2.75
t1_ctlr9v3,1.0,4.333333333333333,4.666666666666667,4.666666666666667,3.5,3.25,3.0
t1_ctltslz,0.0,1.0,1.6666666666666667,1.0,3.0,2.75,2.0
t1_cb3jjs2,0.8571428571428571,3.6666666666666665,3.3333333333333335,1.0,4.25,4.25,3.75
t1_cb3kir7,0.7142857142857143,3.0,2.6666666666666665,2.0,3.25,2.75,4.5
t1_cb3nynv,0.5714285714285714,1.3333333333333333,2.3333333333333335,1.0,3.25,3.25,4.25
t1_cb3zy7m,0.0,1.0,1.0,1.0,1.75,2.5,2.0
t1_cb4mafq,0.8571428571428571,4.666666666666667,4.666666666666667,1.0,3.5,3.75,4.0
t1_cb4n4oh,1.0,5.0,5.0,3.6666666666666665,3.25,3.75,3.25
t1_cb46pb4,0.0,1.0,1.0,1.0,1.0,1.5,1.5
t1_cb3qdsx,0.0,1.0,1.6666666666666667,1.0,2.0,2.0,3.0
t1_cb3un1d,0.0,2.0,2.0,1.0,3.5,2.25,2.0
t1_cb3q90x,0.8571428571428571,5.0,4.0,1.0,3.75,3.75,4.25
t1_cb3vnb9,0.5714285714285714,3.0,2.6666666666666665,1.0,3.0,2.5,3.75
t1_cbcwihs,0.7142857142857143,4.333333333333333,3.0,1.0,4.0,3.5,3.5
t1_cb4019l,0.0,2.3333333333333335,1.3333333333333333,1.0,2.0,1.75,2.5
t1_cb49a96,0.5714285714285714,2.6666666666666665,2.3333333333333335,2.0,3.5,3.75,3.5
t1_cbcwm6p,0.0,1.0,1.0,1.0,2.0,2.25,2.25
t3_1r3id3,0.5714285714285714,2.0,2.6666666666666665,2.3333333333333335,2.75,2.5,4.0
t3_1fqssq,0.5714285714285714,1.0,2.3333333333333335,1.0,3.5,2.75,3.25
t1_cacvan5,0.0,1.0,1.0,1.0,2.5,2.25,2.25
t1_cacvmf2,0.5714285714285714,1.0,1.0,1.0,2.25,2.5,1.75
t1_caf1ab9,0.14285714285714285,1.0,1.0,1.0,1.75,2.25,1.75
t3_1qm5d4,0.8571428571428571,4.666666666666667,3.3333333333333335,4.666666666666667,2.5,2.75,2.5
t1_cde6orn,0.0,1.0,1.0,1.0,1.75,1.25,2.0
t1_cdeaz71,0.14285714285714285,1.6666666666666667,2.3333333333333335,1.0,2.5,2.5,2.75
t1_cdekndg,0.7142857142857143,2.3333333333333335,2.3333333333333335,3.6666666666666665,2.0,2.75,3.5
t3_1c4do4,0.7142857142857143,1.0,2.0,2.3333333333333335,3.75,4.25,3.5
t1_c9cwx8n,0.0,1.0,1.0,1.0,1.75,2.5,2.25
t1_c9dla74,0.0,1.0,1.0,1.0,1.0,1.0,1.25
t1_c9d39gw,0.42857142857142855,1.0,1.0,1.0,1.25,2.75,2.5
t1_c9d5s0t,0.8571428571428571,5.0,4.666666666666667,3.6666666666666665,3.0,3.0,3.0
t1_cc5kmq0,1.0,5.0,5.0,3.3333333333333335,2.5,2.75,3.25
t1_cml2ft5,0.0,1.0,1.0,1.0,1.0,1.0,2.25
t1_cml53oh,0.0,1.0,1.0,1.0,1.5,2.5,1.75
t1_cml60ij,0.7142857142857143,3.0,3.3333333333333335,1.0,2.5,2.25,2.0
t1_cthvpeo,0.42857142857142855,1.0,1.0,1.0,2.75,3.25,2.75
t1_ctiqpyy,0.0,1.0,1.0,1.0,1.5,1.0,1.75
t1_ctita17,0.0,1.0,1.0,1.0,1.25,1.75,1.5
t1_ctisowf,0.42857142857142855,1.6666666666666667,1.3333333333333333,1.0,3.25,3.5,3.25
t1_ckxzyeu,0.0,1.0,1.0,1.0,2.75,3.25,3.5
t1_cky1afp,0.14285714285714285,1.0,1.0,1.0,2.25,2.25,2.5
t1_cky0d05,0.14285714285714285,1.6666666666666667,3.0,1.0,1.25,3.5,2.5
t1_cky0fhe,0.0,1.0,1.0,1.0,1.0,1.25,1.25
t1_cky0hj9,0.7142857142857143,2.3333333333333335,3.6666666666666665,2.3333333333333335,3.5,3.0,3.75
t1_cky2oax,0.0,1.0,1.0,1.0,1.5,1.5,2.25
t1_cky2xto,0.2857142857142857,3.6666666666666665,4.666666666666667,1.0,2.75,2.5,3.5
t1_ckybda8,0.42857142857142855,1.0,1.0,1.0,2.0,3.0,3.75
t1_ckzm1sy,0.42857142857142855,1.6666666666666667,1.0,1.0,1.5,2.5,2.25
t1_ckyceyn,0.14285714285714285,1.0,1.0,1.0,2.25,1.75,2.25
t1_cky4g8p,0.0,1.3333333333333333,1.6666666666666667,1.0,2.5,3.0,3.5
t1_cky7neb,0.42857142857142855,2.0,2.3333333333333335,1.0,2.75,3.25,2.75
t1_cl0z8pc,0.42857142857142855,1.0,1.0,1.0,2.75,3.25,3.5
t1_cky9oqt,0.42857142857142855,3.6666666666666665,1.3333333333333333,1.0,2.25,3.5,3.25
t1_ckylfmb,0.8571428571428571,4.333333333333333,3.6666666666666665,1.0,4.0,4.25,3.0
t1_ccqbyt1,0.2857142857142857,2.0,2.0,4.333333333333333,1.25,1.0,1.5
t1_cc12s78,0.5714285714285714,1.6666666666666667,1.0,1.0,2.5,3.0,2.5
t3_2nck53,0.2857142857142857,3.3333333333333335,3.6666666666666665,1.0,2.5,2.75,2.75
t1_cmcuo78,0.42857142857142855,2.0,2.0,1.0,2.25,3.0,2.5
t1_cmdaz4s,0.7142857142857143,3.0,4.0,1.0,3.0,3.0,3.25
t1_cmcyo3d,0.0,1.0,1.0,1.0,1.25,1.25,2.25
t1_cmckzsq,0.0,1.0,1.0,1.0,2.25,3.25,4.0
t1_cmcetow,0.7142857142857143,3.6666666666666665,3.6666666666666665,1.0,3.5,3.5,3.25
t1_cmcfjhb,0.7142857142857143,3.3333333333333335,3.0,1.0,3.25,3.75,3.75
t1_cmcn89s,0.0,1.0,1.0,1.0,1.5,3.0,2.25
t1_cmddi26,0.0,1.0,1.0,1.0,1.0,1.0,2.75
t1_cmde47f,0.5714285714285714,1.0,1.0,1.0,3.25,2.75,3.25
t1_cmcnb1u,0.0,1.0,1.0,1.0,1.0,1.5,1.25
t1_cmculcq,0.0,1.0,1.0,1.0,2.0,2.5,2.75
t1_cmcvtgd,0.5714285714285714,2.6666666666666665,2.0,1.0,3.0,2.25,2.5
t1_cmdpt23,0.42857142857142855,1.0,1.0,1.0,3.0,2.75,3.25
t1_cmehocs,0.42857142857142855,1.0,1.0,1.0,2.25,3.0,3.5
t1_cml5ds9,0.0,1.0,1.0,1.0,1.25,3.0,1.75
t1_cmdn3uc,0.42857142857142855,2.0,2.0,1.0,1.75,2.25,2.75
t1_cmcuc2d,0.42857142857142855,1.0,1.0,1.0,3.25,2.5,2.5
t1_cmdxdee,0.5714285714285714,2.3333333333333335,3.0,2.0,2.5,2.75,2.75
t1_cmcztsw,0.7142857142857143,2.6666666666666665,2.6666666666666665,1.0,3.25,2.75,2.5
t1_cmdfadm,0.7142857142857143,2.0,3.0,2.0,3.5,3.0,2.5
t1_cmdtn63,0.42857142857142855,1.0,1.0,1.0,3.25,2.5,3.0
t1_cmeg54f,0.42857142857142855,1.0,1.0,1.0,2.75,2.5,3.0
t1_cmenx3z,0.0,1.0,1.0,1.0,1.0,1.25,1.25
t1_cmdamo2,0.0,1.0,1.0,1.0,2.0,3.25,2.5
t1_cmdupvw,0.8571428571428571,3.3333333333333335,3.3333333333333335,2.0,3.25,3.75,3.0
t1_cmlh163,0.8571428571428571,4.333333333333333,5.0,1.3333333333333333,3.75,4.0,3.75
t1_cmfx2yt,0.8571428571428571,5.0,5.0,2.3333333333333335,3.5,3.5,3.0
t1_cpm4kuv,0.42857142857142855,2.0,1.3333333333333333,1.0,1.5,2.75,2.75
t1_cpm4zcb,0.8571428571428571,3.3333333333333335,3.3333333333333335,2.3333333333333335,3.25,3.75,2.5
t1_cpluhpn,1.0,5.0,4.666666666666667,2.3333333333333335,2.75,1.5,2.75
t1_cplwg2z,0.8571428571428571,3.6666666666666665,3.3333333333333335,1.0,3.0,2.0,2.25
t1_cpm1b9f,0.0,1.0,1.0,1.0,2.75,1.75,1.75
t1_cpmoklh,0.0,1.0,1.0,1.0,1.5,1.25,2.5
t1_cpmtijj,0.8571428571428571,3.0,3.3333333333333335,1.0,2.75,2.0,2.75
t1_caiixhl,0.42857142857142855,1.0,1.0,1.0,2.0,2.5,2.5
t1_c8vtkju,0.0,1.0,1.0,1.0,1.0,2.0,2.25
t1_c8vrprg,1.0,4.666666666666667,5.0,1.0,2.75,2.25,2.25
t1_c8vuv93,0.42857142857142855,1.0,1.0,1.0,1.75,2.25,3.0
t1_c8wq24a,0.42857142857142855,1.0,1.0,1.0,2.0,2.5,2.0
t3_1h8unp,0.5714285714285714,1.6666666666666667,1.0,1.0,2.75,3.5,3.25
t1_caryrhj,0.5714285714285714,1.6666666666666667,2.0,2.0,1.5,2.25,2.5
t1_casyz2m,0.0,1.0,1.0,1.0,1.25,2.0,1.5
t1_ctiqgmx,0.5714285714285714,3.0,2.3333333333333335,1.0,2.75,3.25,3.25
t1_ctirspu,0.7142857142857143,3.3333333333333335,3.3333333333333335,1.0,3.0,3.0,2.5
t1_ctitysx,0.0,1.0,1.0,1.0,2.0,2.75,3.5
t1_ctj3ddp,0.0,1.0,1.0,1.0,1.25,1.75,2.25
t1_ctidpo5,0.0,1.0,1.0,1.0,2.0,3.0,2.75
t1_ctiqjtn,0.7142857142857143,2.3333333333333335,3.3333333333333335,2.3333333333333335,3.0,4.0,3.5
t1_ctilqsl,0.8571428571428571,4.666666666666667,4.666666666666667,1.0,3.25,3.75,3.75
t1_ctiq2mi,0.42857142857142855,1.0,1.0,1.0,3.0,3.0,3.25
t3_1grwqj,0.14285714285714285,1.0,1.0,1.0,2.75,3.25,2.5
t1_can6ouc,0.0,1.0,1.0,1.0,1.5,1.25,2.0
t1_can6svh,0.14285714285714285,1.0,1.0,1.0,1.0,1.0,1.5
t1_canbhof,0.0,1.0,1.0,1.0,1.0,1.75,1.5
t1_canhzf8,0.14285714285714285,1.0,1.0,1.0,1.0,2.0,1.5
t1_cani2rw,0.0,1.0,1.0,1.0,1.0,1.75,1.5
t1_cao0soi,0.14285714285714285,1.0,1.0,1.0,1.0,1.25,1.5
t1_can6q8n,0.14285714285714285,1.0,1.0,1.0,1.25,1.25,2.0
t3_1nh3z4,0.8571428571428571,4.333333333333333,4.333333333333333,1.0,3.25,3.75,4.0
t1_ccik36d,0.42857142857142855,1.0,1.0,1.0,2.0,3.5,3.0
t1_ccip0by,0.7142857142857143,4.666666666666667,3.3333333333333335,1.0,2.75,3.25,3.75
t1_ccj23jt,0.7142857142857143,3.6666666666666665,3.3333333333333335,1.0,2.75,3.0,3.75
t1_cb3h1j9,0.42857142857142855,1.0,1.0,1.0,2.25,2.75,2.5
t1_cb3h5qc,0.0,1.0,1.0,1.0,2.0,2.0,2.5
t1_cb43t7z,0.14285714285714285,1.0,1.0,1.0,3.0,2.75,2.75
t1_cb44gly,0.7142857142857143,4.333333333333333,3.3333333333333335,2.3333333333333335,3.75,3.0,3.0
t1_cb3hcuv,0.14285714285714285,1.0,1.0,1.0,2.75,3.0,2.25
t1_cb3gj80,0.14285714285714285,1.0,1.0,1.0,3.75,3.75,3.5
t1_cb3han6,0.7142857142857143,2.0,2.0,1.0,3.5,3.25,3.0
t1_cb3hoak,0.14285714285714285,1.0,1.0,1.0,2.25,3.25,3.25
t1_cb3javy,0.8571428571428571,4.666666666666667,5.0,2.3333333333333335,3.25,3.25,2.5
t1_cbdodgh,0.7142857142857143,2.0,1.0,1.0,2.5,2.5,2.25
t1_cug21tv,0.0,1.0,1.0,1.0,1.0,2.0,2.5
t1_cbsfdbt,0.7142857142857143,3.3333333333333335,3.3333333333333335,1.0,2.75,2.25,2.5
t1_cbsfdsh,0.14285714285714285,3.0,2.0,1.0,2.5,2.5,2.75
t1_cbsfzmb,0.2857142857142857,4.333333333333333,3.3333333333333335,1.3333333333333333,3.75,2.75,3.5
t1_cbt1zp5,0.42857142857142855,1.0,1.0,1.6666666666666667,2.5,2.25,3.25
t3_29e02r,0.42857142857142855,5.0,4.666666666666667,4.666666666666667,2.75,2.5,3.5
t1_cik0nb3,1.0,5.0,4.333333333333333,1.0,3.0,2.5,3.5
t1_cik10zh,1.0,5.0,4.666666666666667,1.0,2.75,2.75,3.25
t1_cikfpnv,0.0,1.0,1.0,1.0,1.0,1.0,1.5
t1_cikl7o2,0.0,1.0,1.0,1.0,1.0,1.25,1.25
t1_ciko33h,0.0,1.0,1.0,1.0,1.0,3.0,2.5
t1_cikojhb,0.42857142857142855,1.0,1.0,1.0,2.0,2.25,3.25
t1_cikoooq,0.5714285714285714,1.6666666666666667,2.0,1.0,1.75,2.25,2.75
t1_ciksz7j,0.7142857142857143,4.666666666666667,2.6666666666666665,1.0,2.5,1.75,2.5
t1_ciwiglt,0.42857142857142855,3.3333333333333335,1.3333333333333333,2.3333333333333335,1.75,3.25,3.5
t1_cikb6zn,0.7142857142857143,4.666666666666667,3.3333333333333335,2.3333333333333335,2.5,2.75,3.5
t1_cikn4ki,0.0,1.0,1.0,1.0,2.25,1.75,1.75
t1_cikn7j2,0.8571428571428571,3.3333333333333335,3.3333333333333335,1.0,1.75,2.0,2.5
t1_cikp0hi,0.8571428571428571,3.0,3.3333333333333335,1.0,3.25,3.0,3.75
t1_cikhbhg,1.0,5.0,4.666666666666667,1.6666666666666667,2.75,3.25,3.25
t1_cikhhoa,0.5714285714285714,3.3333333333333335,2.0,1.0,2.75,2.25,3.25
t1_cikhmdh,0.5714285714285714,2.3333333333333335,2.0,1.0,2.5,2.75,2.75
t3_2b3p94,0.14285714285714285,3.0,1.0,1.0,2.0,2.5,2.0
t1_cj1mlgb,0.42857142857142855,1.0,1.0,1.0,2.75,2.75,3.25
t3_1cb3pd,0.14285714285714285,1.0,1.0,1.0,3.25,3.25,2.25
t1_c9erwp8,0.8571428571428571,3.0,3.0,1.0,2.75,3.25,2.75
t1_c9f4p0c,0.0,1.0,1.0,1.0,1.0,1.0,1.0
t1_c9etprq,0.0,1.0,1.0,1.0,1.75,1.5,1.75
t3_1cd5dm,0.5714285714285714,1.0,1.0,1.0,4.25,4.0,4.5
t1_c9fcqwc,0.0,1.0,1.0,1.0,3.25,3.0,2.75
t1_c9fdjt4,0.0,1.3333333333333333,1.3333333333333333,1.0,2.75,3.5,3.0
t1_cqdsvuv,0.7142857142857143,3.3333333333333335,3.0,1.6666666666666667,3.0,2.75,3.25
t1_cqdsobc,0.8571428571428571,4.666666666666667,4.666666666666667,1.6666666666666667,2.5,2.75,3.75
t1_cqdtvt5,0.7142857142857143,2.0,3.0,3.3333333333333335,2.75,3.5,3.25
t1_cqdvgx3,0.2857142857142857,2.3333333333333335,2.3333333333333335,1.0,1.5,3.0,2.75
t1_cqevg02,1.0,4.666666666666667,5.0,2.3333333333333335,3.0,2.25,3.75
t1_c9yd1j0,0.0,1.0,1.0,1.0,1.0,1.0,1.0
t1_c9ydmcp,0.42857142857142855,1.0,1.0,1.0,1.75,2.25,3.0
t1_c9ydp3b,0.0,1.0,1.0,1.0,2.25,1.25,2.0
t1_c9ydsv7,0.0,1.0,1.0,1.0,2.0,3.0,2.0
t1_c9ydv9t,0.0,1.0,1.0,1.0,2.0,3.25,2.25
t1_c9ye1t1,0.0,1.0,1.0,1.0,1.0,1.75,2.75
t1_c9ye3mn,0.5714285714285714,2.0,2.3333333333333335,1.0,2.5,3.25,2.5
t1_cnczw88,0.0,1.0,1.0,1.0,3.5,2.5,2.25
t1_cpvw146,0.0,1.0,1.0,1.0,1.0,1.0,2.75
t1_cpwaiv3,1.0,4.333333333333333,5.0,1.3333333333333333,3.25,3.25,2.75
t3_2ho8k5,0.2857142857142857,4.666666666666667,3.0,3.0,1.25,1.25,2.25
t1_ckuqadl,0.14285714285714285,1.0,1.0,1.0,1.5,3.5,2.75
t1_ckuqi1g,0.0,1.3333333333333333,1.3333333333333333,1.0,1.5,1.75,2.25
t1_ckuqn0l,0.14285714285714285,1.0,1.0,1.0,1.75,2.25,2.0
t1_ckuqtwr,0.0,1.0,1.0,1.0,3.0,2.25,3.0
t1_ckurb23,0.5714285714285714,1.0,1.0,1.0,2.5,2.25,2.5
t1_ckvjrwg,0.5714285714285714,1.0,1.0,1.0,2.5,2.25,2.0
t1_cu2w6p8,0.7142857142857143,4.666666666666667,2.6666666666666665,1.0,3.0,3.5,2.5
t1_cu2v4xr,0.14285714285714285,1.0,1.0,1.0,2.75,2.5,2.75
t1_cu3b0fe,0.0,1.0,1.0,1.0,1.25,1.25,1.5
t3_1ybhb0,0.2857142857142857,3.3333333333333335,3.0,1.0,1.0,1.0,1.5
t1_cjnx0sk,0.0,1.0,1.0,1.0,1.25,2.0,2.75
t1_cjo1q0q,1.0,4.333333333333333,4.333333333333333,1.0,3.0,3.0,2.75
t1_c9vlru6,0.7142857142857143,2.0,2.0,1.3333333333333333,3.75,4.25,4.25
t1_c9vihnq,0.8571428571428571,3.0,3.3333333333333335,1.0,2.75,4.0,4.0
t1_c9vj17l,0.14285714285714285,1.3333333333333333,1.3333333333333333,1.0,2.5,3.0,3.75
t1_c9v7356,0.7142857142857143,2.3333333333333335,2.3333333333333335,2.0,3.0,4.0,3.75
t1_c9v7uuu,0.0,1.0,1.0,1.0,1.0,1.25,1.25
t1_c9vn7p4,0.7142857142857143,3.0,2.0,1.0,4.25,4.25,4.25
t1_c9vo0sl,0.5714285714285714,2.0,2.0,1.0,3.0,4.25,3.75
t3_1e63c7,1.0,5.0,4.666666666666667,1.0,3.0,2.75,3.5
t1_c9xajdg,0.8571428571428571,3.0,3.0,3.0,3.5,2.25,2.5
t3_1haww9,0.7142857142857143,2.6666666666666665,3.0,1.0,3.5,3.0,3.75
t1_casm5v9,0.7142857142857143,3.0,4.333333333333333,1.0,4.0,3.5,3.25
t1_casuq4a,0.5714285714285714,2.6666666666666665,2.3333333333333335,1.3333333333333333,3.75,4.0,4.0
t1_castzen,0.42857142857142855,1.0,1.0,1.0,3.25,3.75,3.25
t1_cat7qql,1.0,4.666666666666667,5.0,3.0,4.0,3.5,3.0
t1_catelpi,1.0,5.0,5.0,3.0,3.5,3.25,3.75
t1_catjx82,0.0,1.0,1.0,1.0,1.0,1.0,1.5
t1_catknzl,0.8571428571428571,5.0,5.0,3.0,3.75,3.75,3.5
t1_catmvnu,0.8571428571428571,4.333333333333333,3.6666666666666665,3.0,3.25,3.25,3.0
t1_casolkw,0.0,1.0,1.0,1.0,1.0,1.0,1.75
t1_casoidy,0.0,1.0,1.0,1.0,1.25,1.5,1.5
t1_casqgem,0.7142857142857143,2.0,2.0,1.0,3.5,4.0,4.5
t1_casqo9d,0.14285714285714285,1.0,1.0,1.0,1.5,1.5,2.0
t1_casqt3t,0.42857142857142855,1.3333333333333333,3.0,1.3333333333333333,3.75,3.75,3.75
t1_casuw6d,1.0,4.0,4.333333333333333,1.6666666666666667,4.0,3.0,3.0
t1_casqwgm,0.7142857142857143,3.0,3.0,1.0,3.0,3.25,3.75
t1_casoa5k,0.5714285714285714,2.3333333333333335,3.0,1.0,4.0,2.75,3.25
t1_castiji,0.8571428571428571,3.3333333333333335,3.6666666666666665,3.3333333333333335,2.75,3.25,4.25
t1_caxueen,0.0,1.0,1.0,1.0,1.0,1.0,1.0
t1_catr9j9,1.0,4.666666666666667,4.666666666666667,1.0,4.25,4.0,2.75
t1_catv41c,0.7142857142857143,4.666666666666667,3.6666666666666665,3.3333333333333335,3.5,3.75,3.75
t1_catvoqn,0.8571428571428571,5.0,3.3333333333333335,1.0,4.25,4.5,3.75
t1_catxnxu,0.5714285714285714,1.0,1.0,1.0,2.5,4.5,3.25
t1_cav2nyk,0.0,1.0,1.0,1.0,1.75,1.75,2.5
t1_caw8joe,0.5714285714285714,1.0,1.0,1.0,2.0,3.0,3.25
t1_cay71op,0.5714285714285714,2.3333333333333335,3.3333333333333335,1.6666666666666667,4.75,4.25,3.75
t1_caybyz3,0.42857142857142855,1.6666666666666667,1.6666666666666667,1.0,4.5,3.75,4.25
t1_caywd53,0.8571428571428571,5.0,5.0,2.6666666666666665,4.0,3.75,3.25
t1_casqjde,0.42857142857142855,1.0,1.0,1.0,3.5,3.5,4.0
t1_castbcs,0.42857142857142855,1.0,1.0,1.0,3.0,2.75,3.75
t1_cscanwg,0.0,1.6666666666666667,1.0,1.0,2.25,3.0,3.0
t1_cscavpa,0.0,1.0,1.0,1.0,2.5,3.25,3.25
t1_csccp8p,0.14285714285714285,1.0,1.0,1.0,2.0,1.75,3.0
t1_cscbxg2,0.0,1.6666666666666667,1.0,1.0,2.75,2.5,3.0
t1_cscf2qw,0.8571428571428571,3.3333333333333335,3.3333333333333335,1.0,3.25,2.5,2.0
t3_242qn0,0.42857142857142855,4.333333333333333,4.666666666666667,4.333333333333333,3.0,3.0,2.5
t1_ch33462,0.0,1.0,1.0,1.0,3.5,2.25,2.0
t1_ch33aph,0.14285714285714285,1.0,1.0,1.0,1.5,1.5,2.5
t1_ch30sac,0.7142857142857143,2.3333333333333335,4.0,1.0,2.5,2.5,3.25
t1_ch32zj8,0.5714285714285714,2.0,2.0,2.0,3.75,3.5,3.25
t1_ch36a9d,0.42857142857142855,1.0,1.0,1.0,3.5,2.75,2.75
t1_ch3gnvh,1.0,4.333333333333333,5.0,1.0,4.5,4.0,2.5
t1_ch3kgyz,0.42857142857142855,1.0,1.0,1.0,2.5,2.75,3.0
t1_ch3m71x,0.42857142857142855,1.0,1.0,1.0,3.25,2.75,3.25
t1_ch3p1te,0.42857142857142855,1.0,1.0,1.0,2.75,3.25,3.5
t1_ch33u0t,0.42857142857142855,1.0,1.0,1.0,2.5,3.25,3.75
t1_ch30u5o,0.14285714285714285,1.0,1.0,1.0,2.0,3.25,2.75
t1_ch3fpaz,0.14285714285714285,1.0,1.0,1.0,2.75,2.5,2.5
t1_ch3j0r0,0.0,1.0,1.0,1.0,2.75,2.75,2.75
t1_ch32wl6,1.0,5.0,5.0,3.6666666666666665,5.0,5.0,4.5
t1_ch34vso,0.0,1.0,1.0,1.0,1.0,1.0,2.0
t1_ch338wb,0.42857142857142855,2.0,1.6666666666666667,1.0,2.5,3.0,3.5
t3_1t7zw6,0.14285714285714285,1.0,1.0,1.0,3.0,2.75,3.0
t3_21yr8u,0.14285714285714285,1.3333333333333333,2.6666666666666665,1.0,1.25,1.25,2.0
t1_cghq6uu,0.7142857142857143,1.3333333333333333,1.6666666666666667,1.0,2.75,2.75,3.0
t3_302atl,0.2857142857142857,5.0,3.6666666666666665,2.3333333333333335,3.0,1.75,2.0
t1_cpojaxi,0.42857142857142855,2.0,1.0,1.0,2.5,2.25,3.0
t1_cpoores,0.0,1.0,1.0,1.0,1.75,4.5,2.5
t1_cpra9u0,0.0,1.0,1.0,1.0,1.25,2.75,2.75
t1_cpom9oq,0.0,1.0,1.0,1.0,1.0,1.25,2.25
t1_cpozwy5,0.8571428571428571,3.3333333333333335,3.0,1.0,3.5,2.25,2.5
t1_cpoluuw,0.8571428571428571,4.333333333333333,4.333333333333333,1.3333333333333333,3.25,3.25,3.0
t1_cpon0c6,0.7142857142857143,2.3333333333333335,2.3333333333333335,1.0,2.5,2.5,2.25
t1_cpotcwb,0.5714285714285714,1.0,1.0,1.0,3.5,2.25,3.0
t1_cpp3cnv,0.5714285714285714,1.0,1.0,1.0,2.5,2.0,2.75
t1_cpomrk6,0.5714285714285714,3.3333333333333335,3.0,1.0,3.5,2.25,3.5
t1_cponany,0.42857142857142855,3.0,1.0,1.0,2.75,2.5,2.25
t1_c9r3p01,0.0,1.0,1.0,1.0,1.0,1.0,1.0
t1_c9qxy3z,0.0,1.0,1.0,1.0,1.25,2.25,1.75
t3_1d3ijz,0.14285714285714285,2.0,1.0,1.0,2.5,2.75,3.0
t1_c9na2tf,0.0,1.0,1.0,1.0,1.75,3.5,2.25
t1_ch7cvu3,0.7142857142857143,1.6666666666666667,3.3333333333333335,1.0,3.5,3.0,3.25
t1_ch7ddwy,0.14285714285714285,1.0,1.0,1.0,2.0,1.75,1.75
t1_cai3dw5,1.0,5.0,5.0,3.3333333333333335,2.75,3.75,3.5
t1_cai5p4w,0.5714285714285714,1.0,1.0,1.0,2.0,3.75,3.25
t3_1eo2kq,0.14285714285714285,1.0,1.0,1.0,2.75,2.5,2.0
t1_ca24dau,0.0,1.0,1.0,1.0,2.25,3.25,1.5
t1_ca24zer,0.42857142857142855,1.0,1.0,1.0,1.5,2.0,2.5
t1_ca27qym,1.0,4.333333333333333,4.666666666666667,2.0,2.5,3.75,2.75
t1_cs4z5zw,0.5714285714285714,1.0,1.0,1.0,1.75,2.5,2.5
t1_caumnu6,0.7142857142857143,4.333333333333333,3.0,1.0,3.0,3.75,3.5
t1_caunbp5,0.8571428571428571,3.3333333333333335,3.3333333333333335,1.0,3.5,4.25,3.75
t1_cauphni,0.5714285714285714,1.0,1.0,1.0,2.5,3.0,3.25
t1_cauq8sg,0.42857142857142855,1.0,1.0,1.0,3.0,3.5,3.0
t1_cauqd3a,0.14285714285714285,1.0,1.0,1.0,3.25,2.5,3.25
t1_caurhj9,0.14285714285714285,1.0,1.0,1.0,2.25,2.5,2.75
t1_cauukxk,0.0,1.0,1.0,1.0,2.0,1.75,2.25
t1_cauutzf,0.0,1.0,1.0,1.0,1.75,2.0,2.0
t1_cauqajh,0.42857142857142855,1.0,1.0,1.0,3.0,3.0,3.25
t1_cauqglb,0.5714285714285714,1.0,1.0,1.0,2.75,3.25,3.75
t1_cauqht4,0.5714285714285714,2.3333333333333335,2.0,1.0,3.5,3.5,4.0
t1_caurlql,0.0,1.0,1.0,1.0,1.75,1.75,2.5
t1_cauuln3,0.7142857142857143,2.0,2.0,2.3333333333333335,3.5,3.0,2.5
t1_caut5rf,0.42857142857142855,1.0,1.0,1.0,3.75,3.0,4.0
t1_cav4ico,0.0,1.0,1.0,1.0,2.25,3.5,3.0
t1_cavz2bt,1.0,4.666666666666667,5.0,3.6666666666666665,3.75,3.0,3.75
t1_cauqlq8,0.42857142857142855,3.0,1.0,1.0,3.75,3.25,3.75
t1_cav3xqq,0.0,1.0,1.0,1.0,2.25,2.5,2.5
t1_cauu6uz,0.42857142857142855,1.0,1.0,1.0,2.75,3.0,3.25
t1_cauqo1h,0.0,1.0,1.0,1.0,3.25,2.75,3.25
t1_cauqxex,0.5714285714285714,1.0,1.0,1.0,2.25,2.75,3.25
t1_cavjf1d,0.0,1.0,1.0,1.0,1.5,2.0,2.75
t1_caus15f,0.0,1.0,1.0,1.0,2.5,2.0,2.5
t1_cauyb6p,0.5714285714285714,2.0,1.0,1.0,2.75,2.5,2.25
t1_cav1xf3,0.0,1.0,1.0,1.0,2.0,1.5,2.0
t1_cauppc6,0.14285714285714285,1.0,1.0,1.0,2.5,2.5,2.0
t1_cayikrk,0.5714285714285714,1.0,1.0,1.0,3.0,3.5,3.0
t1_cav7n9h,0.0,1.0,1.0,1.0,1.0,1.0,1.5
t1_cav6fuw,0.2857142857142857,1.3333333333333333,2.0,2.0,3.0,3.0,3.5
t1_cav7ncj,0.0,1.0,1.0,1.0,1.0,1.0,1.0
t1_cav271o,0.0,1.0,1.0,1.0,1.0,1.0,1.0
t1_cauv5xm,0.5714285714285714,2.3333333333333335,2.3333333333333335,1.0,3.5,3.75,4.0
t1_cavjcvk,0.42857142857142855,1.0,1.0,1.0,3.25,4.0,4.0
t1_cavorrb,0.14285714285714285,1.0,1.0,1.0,3.5,3.25,3.75
t1_cavyr72,0.42857142857142855,1.0,1.0,3.3333333333333335,3.25,3.75,2.75
t1_caxx3kk,0.42857142857142855,1.0,1.0,1.0,3.0,3.75,3.0
t1_cb1amc8,0.8571428571428571,3.6666666666666665,4.0,1.0,3.0,3.5,3.5
t1_cb1j4c4,0.5714285714285714,2.0,2.0,2.0,3.25,3.25,3.5
t1_cb1jo2k,0.42857142857142855,1.3333333333333333,1.3333333333333333,2.0,2.75,2.5,3.75
t1_cb1kpaq,0.7142857142857143,5.0,5.0,1.0,3.75,3.75,4.0
t1_cb3qgr4,0.5714285714285714,3.0,2.0,1.0,3.5,2.75,3.5
t3_228jbo,0.14285714285714285,3.3333333333333335,2.3333333333333335,2.3333333333333335,1.5,1.5,1.75
t1_cgke088,0.8571428571428571,3.3333333333333335,3.6666666666666665,2.6666666666666665,3.5,3.0,2.75
t1_cgke5cw,0.42857142857142855,1.0,1.0,1.0,2.5,2.5,2.25
t3_28o7uj,0.42857142857142855,4.333333333333333,4.666666666666667,2.0,1.5,1.75,1.75
t1_cicu5de,0.8571428571428571,3.6666666666666665,3.6666666666666665,1.0,3.25,3.0,3.25
t1_cicu6hc,1.0,4.666666666666667,4.666666666666667,1.0,3.5,3.5,3.25
t1_cicwthx,0.0,1.0,1.0,1.0,1.5,1.75,2.25
t1_cid0cpv,0.42857142857142855,1.0,1.0,1.0,2.25,2.75,3.0
t3_1fyfb5,0.42857142857142855,1.0,1.0,1.0,3.5,3.75,3.5
t3_1fmiv1,0.5714285714285714,2.0,2.0,1.0,3.0,3.25,3.5
t1_cabqgjf,0.42857142857142855,2.0,2.6666666666666665,2.0,3.25,3.25,4.0
t3_1ibg1p,0.8571428571428571,3.0,3.6666666666666665,1.0,3.75,3.0,3.75
t1_cb2zhvu,0.8571428571428571,4.0,4.333333333333333,2.3333333333333335,3.0,3.75,3.75
t1_cb3ecr8,0.7142857142857143,3.6666666666666665,3.6666666666666665,3.6666666666666665,4.0,4.0,3.75
t1_cb32ac8,0.0,1.0,1.0,1.0,1.75,1.5,2.0
t1_cb3grrv,0.0,1.0,1.0,1.0,1.75,1.5,1.75
t3_1v8eur,0.2857142857142857,4.666666666666667,5.0,1.0,2.0,2.0,2.5
t1_cepre6f,0.7142857142857143,3.3333333333333335,3.6666666666666665,1.0,2.25,2.75,3.25
t1_ceprjui,0.5714285714285714,3.0,2.0,1.0,4.0,3.25,3.75
t1_ceprovz,0.7142857142857143,3.0,3.6666666666666665,3.3333333333333335,3.0,3.25,4.0
t1_cepsudn,0.7142857142857143,3.3333333333333335,3.6666666666666665,1.0,4.0,3.25,3.5
t1_cepx3y0,0.42857142857142855,1.0,1.0,1.0,3.75,2.75,3.5
t1_ceqx69p,0.7142857142857143,3.0,3.6666666666666665,1.0,3.25,4.25,4.25
t1_ceqzwux,0.0,1.0,1.0,1.0,1.75,2.25,2.25
t1_cer0f8n,0.5714285714285714,1.0,1.0,1.0,2.5,2.5,2.5
t1_cer1mzk,0.42857142857142855,1.0,1.0,1.0,2.0,3.25,3.0
t1_cer1v34,0.0,1.0,1.0,1.0,2.5,3.0,2.75
t1_cer1win,0.0,1.0,1.0,1.0,2.25,3.0,2.5
t1_cer9bme,0.5714285714285714,2.0,2.0,1.0,4.0,4.0,3.5
t1_cer1d46,0.5714285714285714,2.0,2.3333333333333335,1.0,3.75,3.75,3.75
t1_cer1xlw,0.5714285714285714,1.0,1.0,1.0,3.25,3.25,3.25
t1_cer3x2w,0.0,1.0,1.0,1.0,2.25,1.75,2.5
t1_cer49ut,0.0,1.0,1.0,1.0,1.75,1.75,2.75
t3_1kvsyr,1.0,4.666666666666667,4.666666666666667,3.3333333333333335,3.75,3.5,4.0
t1_cbt4gif,0.8571428571428571,4.0,3.3333333333333335,2.6666666666666665,3.5,3.5,3.75
t1_cbujuoi,0.7142857142857143,3.0,3.0,1.0,3.5,3.5,3.75
t1_c8sl4p4,1.0,5.0,5.0,2.0,2.5,2.5,2.75
t1_c8t6pyq,0.14285714285714285,1.0,1.0,1.0,1.75,2.5,2.75
t1_chjlkq1,0.5714285714285714,1.0,1.0,1.0,2.25,2.5,2.75
t1_chjoacg,0.42857142857142855,1.0,1.0,1.0,2.0,2.5,2.5
t1_chjp9ke,0.0,1.0,1.0,1.0,1.25,2.25,2.5
t1_chjq0kg,0.14285714285714285,1.0,1.0,1.0,1.25,2.0,3.25
t1_chlsagj,0.5714285714285714,2.0,1.3333333333333333,1.0,2.75,2.75,2.75
t3_2vky2k,0.0,2.0,1.0,1.0,1.0,1.25,2.0
t1_coinwc1,0.42857142857142855,1.0,1.0,1.0,2.25,2.0,2.5
t1_coj0szh,1.0,4.333333333333333,5.0,2.6666666666666665,2.75,3.5,2.75
t1_cokopqu,0.14285714285714285,1.0,1.0,1.0,1.5,1.5,2.0
t1_coinuey,0.0,1.0,1.0,1.0,1.25,1.5,1.25
t1_cgxdmh3,0.0,1.0,1.0,1.0,3.0,2.0,2.25
t1_cgxdsgy,0.42857142857142855,1.0,1.0,1.0,2.0,3.0,3.5
t1_cgxt74l,0.0,1.0,1.0,1.0,1.5,1.75,2.0
t1_cgxtaif,0.0,1.0,1.0,1.0,2.0,2.75,2.0
t1_cgxlked,0.7142857142857143,2.3333333333333335,2.3333333333333335,1.0,3.0,2.75,2.5
t1_cgxt9jf,0.42857142857142855,1.0,1.0,1.0,3.0,2.25,2.25
t1_cau88hc,0.7142857142857143,1.3333333333333333,1.6666666666666667,1.0,3.0,2.5,4.0
t1_cau8ovv,0.5714285714285714,1.3333333333333333,2.0,1.0,2.25,2.0,3.5
t1_cau9452,0.5714285714285714,1.0,1.0,1.0,3.25,3.75,2.0
t1_cau955t,0.42857142857142855,1.3333333333333333,1.3333333333333333,1.6666666666666667,2.75,2.25,2.5
t1_caubzza,0.0,1.0,1.0,1.0,2.5,1.0,3.0
t1_cauchlr,0.0,1.0,1.0,1.0,1.0,1.0,1.0
t1_caueou3,0.0,1.0,1.0,1.0,1.5,1.75,2.25
t1_cauo55g,0.14285714285714285,1.0,1.0,1.0,1.0,1.0,2.25
t1_cauhm6v,0.0,1.0,1.0,1.0,2.25,2.0,2.25
t1_cauxek7,1.0,4.0,4.666666666666667,1.0,3.25,3.5,3.25
t1_cauhuox,1.0,4.333333333333333,5.0,3.3333333333333335,4.0,3.0,4.75
t1_caunrrz,0.8571428571428571,3.3333333333333335,3.3333333333333335,3.0,3.0,3.25,3.0
t1_caupvos,0.7142857142857143,3.6666666666666665,2.0,2.6666666666666665,2.5,3.5,3.5
t1_cav04jm,0.0,1.0,1.0,1.0,1.5,1.75,2.25
t3_2eyfoa,0.42857142857142855,5.0,4.666666666666667,1.6666666666666667,1.5,1.5,2.25
t1_ck4715t,0.7142857142857143,2.0,1.6666666666666667,1.0,2.5,2.75,3.5
t1_ck473q2,0.42857142857142855,1.6666666666666667,1.6666666666666667,1.0,2.5,2.25,2.75
t1_ck47es2,0.5714285714285714,3.3333333333333335,2.3333333333333335,4.333333333333333,2.25,2.25,3.25
t1_ck498fu,0.5714285714285714,3.0,4.0,1.0,2.75,2.5,3.5
t1_ck46us6,0.8571428571428571,4.666666666666667,3.6666666666666665,1.0,2.25,3.5,3.25
t1_ck47ebr,0.7142857142857143,4.333333333333333,3.3333333333333335,1.0,2.25,3.0,3.0
t1_ck4kq73,0.14285714285714285,1.0,1.0,1.0,1.75,1.75,2.25
t1_ck4jqhn,1.0,5.0,4.666666666666667,1.0,3.0,3.5,4.0
t1_chk6r9i,1.0,4.666666666666667,4.666666666666667,4.0,2.5,2.75,3.25
t1_chk6s8c,0.8571428571428571,4.0,3.0,1.0,2.75,2.75,4.25
t1_chk7ilh,0.42857142857142855,1.0,1.0,1.0,3.25,2.25,3.5
t1_chkg1f1,0.42857142857142855,1.0,1.0,1.0,1.5,2.0,2.25
t1_chk8gs0,0.0,1.0,1.0,1.0,1.75,2.0,2.0
t1_chke0un,0.0,1.0,1.0,1.0,1.25,1.25,1.25
t1_chk8ser,0.5714285714285714,3.0,1.0,1.0,1.5,2.0,3.0
t1_chkxjvq,0.7142857142857143,4.333333333333333,3.6666666666666665,1.6666666666666667,2.25,2.0,3.0
t1_chkbwxl,0.7142857142857143,4.333333333333333,4.0,1.0,2.75,1.75,3.0
t1_cl696s0,0.42857142857142855,1.0,1.0,1.0,1.75,2.75,3.25
t1_cl69kyx,0.7142857142857143,2.0,2.3333333333333335,2.6666666666666665,3.25,3.25,2.75
t1_cl6a7as,0.5714285714285714,2.3333333333333335,2.6666666666666665,1.3333333333333333,2.0,2.75,3.0
t1_cl6wrm4,0.42857142857142855,2.0,1.0,1.0,3.0,3.75,3.0
t1_cl6xdwv,0.42857142857142855,2.0,1.3333333333333333,1.0,2.75,2.75,3.75
t1_cl88xn5,0.7142857142857143,2.3333333333333335,1.3333333333333333,1.0,1.5,2.0,3.25
t1_cl89ogw,0.0,1.0,1.0,1.0,2.75,2.25,3.25
t1_cl8a4kq,0.5714285714285714,1.3333333333333333,1.3333333333333333,1.3333333333333333,2.5,2.25,3.0
t1_cl6aecx,0.8571428571428571,3.0,3.6666666666666665,1.0,3.0,2.5,4.0
t1_cbogk1v,1.0,4.666666666666667,4.333333333333333,3.6666666666666665,2.25,1.75,3.5
t1_cbognd1,0.5714285714285714,1.0,1.3333333333333333,1.0,2.75,2.0,2.25
t1_cboiu19,0.7142857142857143,2.0,2.3333333333333335,1.0,3.5,2.75,3.0
t1_cbomaor,0.0,1.0,1.0,1.0,1.5,1.5,1.5
t1_cbogq70,0.0,1.0,1.0,1.0,1.0,1.5,1.5
t1_cboi8d2,0.8571428571428571,3.0,3.0,2.3333333333333335,2.0,2.5,2.5
t1_cboisgm,0.7142857142857143,2.0,2.0,1.0,2.5,1.75,2.75
t1_cboh71d,0.5714285714285714,1.0,1.0,1.0,2.0,1.75,2.75
t1_cbp7hcg,0.0,1.0,1.0,1.0,2.0,1.25,2.5
t1_c95k75v,0.42857142857142855,1.0,1.0,1.0,4.25,3.5,3.25
t1_c95tixb,0.42857142857142855,1.0,1.0,1.0,2.75,2.5,3.25
t1_c95mdhe,0.14285714285714285,1.0,1.0,1.0,1.5,2.5,2.25
t1_c8wpqjn,0.5714285714285714,1.0,1.0,1.0,2.25,1.5,2.25
t1_cjydv04,0.0,1.0,1.0,1.0,1.75,1.75,1.5
t1_cjy9w7i,0.42857142857142855,5.0,5.0,1.0,2.25,2.5,3.0
t1_cm5lbyg,0.42857142857142855,1.0,1.0,1.0,2.0,1.5,2.25
t1_cm64nte,0.8571428571428571,2.0,2.3333333333333335,3.6666666666666665,1.75,2.5,2.5
t1_cs8qzp2,0.42857142857142855,1.3333333333333333,1.6666666666666667,1.0,2.25,2.5,3.0
t1_cr706at,0.42857142857142855,1.0,1.0,1.0,3.0,3.0,4.0
t1_cr71uyn,0.0,1.0,1.0,1.0,2.5,1.0,2.5
t1_c9vagau,0.0,1.0,1.0,1.0,1.0,1.0,1.75
t1_clik16y,0.0,2.0,1.6666666666666667,1.0,2.0,1.25,2.25
t1_csvrg7x,0.42857142857142855,1.0,1.0,1.0,2.5,2.75,2.5
t1_csu8gdo,0.5714285714285714,2.3333333333333335,2.3333333333333335,1.0,1.5,2.5,2.75
t1_csw1xe2,0.7142857142857143,5.0,3.6666666666666665,1.0,3.25,2.75,3.25
t1_ctlv7xc,0.14285714285714285,1.3333333333333333,2.0,1.0,3.0,2.75,2.25
t1_cb3qcwp,1.0,5.0,5.0,2.3333333333333335,4.25,3.75,3.75
t1_cb3tns6,0.5714285714285714,1.0,1.0,1.0,3.0,2.25,3.5
t1_cde6meq,0.7142857142857143,1.3333333333333333,1.3333333333333333,1.0,2.5,2.75,2.75
t1_cml0lai,0.0,1.0,1.0,1.0,2.25,2.0,2.25
t1_ckxzlnz,0.0,1.0,1.0,1.0,1.25,2.5,3.25
t1_cky6lbd,0.42857142857142855,1.6666666666666667,1.0,1.0,1.75,3.0,2.5
t1_cky3f7y,0.0,1.0,1.0,1.0,2.25,3.0,3.25
t1_cky44de,1.0,4.666666666666667,4.333333333333333,2.3333333333333335,4.25,3.75,3.75
t1_ckyblqs,0.7142857142857143,2.3333333333333335,3.0,2.3333333333333335,3.0,4.0,3.5
t1_ckydk5a,0.14285714285714285,1.0,1.0,1.0,2.5,3.75,2.5
t1_ccpsrei,0.0,1.0,1.0,1.0,1.25,1.5,1.5
t1_ccpv6xh,0.0,1.0,1.0,1.0,1.25,2.25,2.25
t1_ccq583t,1.0,4.333333333333333,5.0,3.0,3.0,2.75,3.0
t1_cmcfad1,0.14285714285714285,1.6666666666666667,1.6666666666666667,1.0,2.0,3.0,3.25
t1_cmcfx2p,0.0,1.0,1.0,1.0,1.5,3.0,2.25
t1_cmcf7ri,0.7142857142857143,4.333333333333333,4.666666666666667,1.6666666666666667,3.0,3.0,3.5
t1_cmcgspm,0.8571428571428571,3.6666666666666665,3.6666666666666665,1.0,2.75,3.25,3.75
t1_cmeg0mb,0.0,1.0,1.0,1.0,1.5,1.25,2.0
t1_cmcmrsu,0.14285714285714285,1.0,1.0,1.0,2.5,1.5,3.25
t1_cmcz2h1,1.0,5.0,5.0,3.0,3.75,3.75,3.5
t1_cmcg1sw,0.0,1.0,1.0,1.0,1.75,1.25,2.25
t1_cmclswv,0.0,1.0,1.0,1.0,2.75,2.5,1.5
t1_cmcnu78,0.0,1.3333333333333333,1.3333333333333333,1.0,2.75,2.0,3.0
t1_cmedpvb,0.42857142857142855,1.6666666666666667,1.6666666666666667,1.0,3.5,2.75,3.0
t1_cmcpg05,0.5714285714285714,1.0,1.0,1.0,3.0,2.75,3.0
t1_cmcue6k,1.0,4.666666666666667,4.666666666666667,1.0,3.5,3.5,3.5
t1_cml4gcq,0.5714285714285714,2.6666666666666665,1.6666666666666667,2.0,3.0,3.0,3.5
t1_cai8u8v,0.8571428571428571,4.333333333333333,4.333333333333333,1.3333333333333333,3.25,3.25,3.75
t1_cai8wyf,1.0,4.333333333333333,5.0,3.0,3.25,3.75,3.75
t1_caie40w,0.5714285714285714,2.3333333333333335,3.0,1.0,2.75,3.0,3.5
t1_c8vsl8l,0.42857142857142855,4.666666666666667,4.666666666666667,1.0,1.75,2.5,3.0
t1_cary5i8,0.0,1.0,1.0,1.0,1.25,1.0,1.5
t1_carykfz,0.7142857142857143,2.0,1.3333333333333333,2.0,1.5,3.25,2.25
t1_cas5hhz,0.0,1.0,1.0,1.0,1.5,1.5,1.5
t1_caryrmq,0.0,1.0,1.0,1.0,1.0,2.25,1.25
t1_cti7mh5,0.8571428571428571,4.666666666666667,5.0,1.0,3.75,3.25,3.75
t1_cciixvk,0.0,1.0,1.0,1.0,1.5,1.25,1.75
t1_ccik429,0.42857142857142855,1.0,1.0,2.3333333333333335,2.5,2.25,3.5
t1_ccikowu,0.2857142857142857,5.0,3.6666666666666665,1.0,1.0,1.0,1.0
t1_cb3he94,0.0,1.0,2.0,1.0,1.75,2.25,2.75
t1_cbdfj9b,0.0,1.0,1.0,1.0,1.0,1.75,2.0
t1_cil08vt,0.0,1.0,1.0,1.0,1.5,2.0,2.75
t1_cikot2f,0.2857142857142857,2.0,1.6666666666666667,1.0,3.0,1.5,1.75
t1_cikbfes,0.5714285714285714,3.0,1.0,1.0,1.75,1.75,2.5
t1_cj1jb17,0.5714285714285714,2.3333333333333335,1.0,1.0,3.0,2.75,3.0
t1_cj1jfd0,0.14285714285714285,1.0,1.0,1.0,2.5,4.0,2.0
t1_cj1lhpg,0.42857142857142855,1.0,1.0,1.0,3.0,3.25,2.5
t1_cj1plx1,0.8571428571428571,3.0,3.0,1.0,3.25,3.25,3.5
t1_cj1qf2l,0.8571428571428571,3.0,3.3333333333333335,1.0,3.25,3.5,3.0
t1_cj1ta76,0.8571428571428571,2.6666666666666665,2.6666666666666665,1.0,2.5,3.0,3.5
t1_cj1taks,0.8571428571428571,3.3333333333333335,3.0,1.0,2.5,3.25,3.75
t1_cj20rt3,0.0,1.0,1.0,1.0,1.75,2.5,2.0
t1_c9yd9d8,0.0,1.0,1.0,1.0,1.0,1.25,1.0
t1_c9ye0ac,0.0,1.0,1.0,1.0,1.0,1.5,1.5
t1_ckuh8hs,0.8571428571428571,4.666666666666667,3.0,3.0,2.75,3.0,2.75
t1_ckuwqi8,0.8571428571428571,5.0,3.0,1.0,2.75,3.0,2.5
t1_c9v8fs2,0.7142857142857143,3.0,3.0,1.0,3.25,4.0,4.0
t1_cat7r28,0.0,1.0,1.0,1.0,3.0,3.0,3.5
t1_casoqzt,0.14285714285714285,1.0,1.0,1.0,2.0,2.0,2.0
t1_casuynv,0.42857142857142855,1.0,1.0,1.0,3.0,3.25,2.75
t1_catx9hg,0.5714285714285714,1.0,2.3333333333333335,1.0,4.0,3.75,3.75
t1_caty2hj,0.0,1.0,1.0,1.0,1.0,1.5,2.25
t1_casr12u,0.42857142857142855,1.0,1.0,1.0,2.75,3.5,4.25
t1_cggd8lf,0.0,1.0,1.0,1.0,1.5,2.0,2.25
t1_cscbr0t,0.5714285714285714,3.0,2.3333333333333335,1.0,2.75,2.5,3.25
t1_cscg2p4,1.0,4.666666666666667,4.333333333333333,2.3333333333333335,3.0,2.5,2.75
t1_ch33yi9,0.42857142857142855,1.0,1.0,1.0,2.25,2.25,3.25
t1_ch33rrs,0.42857142857142855,1.0,1.0,1.0,3.5,3.75,3.75
t1_ce5jtin,0.42857142857142855,1.0,1.0,1.0,2.0,2.75,2.5
t1_cpp7ghc,0.5714285714285714,3.6666666666666665,2.3333333333333335,1.0,3.75,2.75,2.5
t1_cpovurm,0.5714285714285714,1.3333333333333333,1.3333333333333333,1.0,2.75,3.25,2.5
t1_cpp5zkb,0.0,1.0,1.0,1.0,1.0,1.25,2.75
t1_cqcq11x,0.0,1.0,1.0,1.0,1.75,1.25,1.75
t1_cpov03f,0.7142857142857143,5.0,3.3333333333333335,1.0,2.5,3.0,2.25
t1_cpp08sy,0.42857142857142855,1.0,1.0,1.0,3.25,2.5,2.25
t1_cpp4871,0.7142857142857143,3.0,3.3333333333333335,1.0,3.0,2.5,1.75
t1_c9mqknk,0.0,1.0,1.0,1.0,1.5,1.75,2.0
t1_caidubx,0.8571428571428571,3.3333333333333335,3.3333333333333335,1.0,2.5,2.75,2.75
t1_ca23e0m,0.0,1.0,1.0,1.0,1.75,1.75,1.25
t1_caupmcb,1.0,4.666666666666667,5.0,4.666666666666667,3.25,2.5,3.0
t1_cautyr8,0.7142857142857143,2.0,1.3333333333333333,1.0,3.0,2.75,3.25
t1_cauryqf,0.14285714285714285,1.0,1.0,1.0,1.25,1.5,2.0
t1_cav31oj,0.42857142857142855,1.0,1.0,1.0,2.75,2.0,3.25
t1_cavna3e,0.7142857142857143,3.3333333333333335,4.333333333333333,1.0,3.75,3.0,4.5
t1_cavypo6,0.14285714285714285,1.0,1.0,1.0,2.5,2.75,3.5
t1_cb1xihc,0.0,1.0,1.0,1.0,2.0,3.0,3.0
t1_cb26x35,0.0,1.0,1.0,1.0,1.0,1.0,1.0
t1_cddmfth,0.5714285714285714,2.6666666666666665,2.3333333333333335,1.0,2.75,3.5,3.75
t1_cer1o8f,0.0,1.0,1.0,1.0,2.75,3.5,2.5
t1_cbti486,0.0,1.0,1.0,1.0,1.0,1.25,1.0
t1_chjfhp9,0.7142857142857143,2.0,1.6666666666666667,1.0,2.0,3.0,3.0
t1_chjgd0q,0.7142857142857143,1.3333333333333333,2.0,1.0,2.25,2.75,3.5
t1_coikt14,0.14285714285714285,1.0,1.0,1.0,1.5,1.75,2.0
t1_coin2a8,0.0,1.0,1.0,1.0,2.25,1.5,2.25
t1_coixxlu,0.8571428571428571,3.3333333333333335,3.6666666666666665,1.6666666666666667,2.5,3.25,2.5
t1_cgxqk31,1.0,4.333333333333333,5.0,3.0,3.75,4.25,2.5
t1_cau9jjt,0.42857142857142855,1.0,1.0,1.0,3.0,2.75,3.5
t1_cau8emg,0.5714285714285714,1.0,1.0,2.3333333333333335,2.75,2.0,3.5
t1_cau9bgr,0.5714285714285714,1.6666666666666667,3.0,1.0,2.75,2.75,3.25
t1_cauamra,0.42857142857142855,1.0,1.0,1.0,1.75,2.5,4.0
t1_cauatj3,0.7142857142857143,1.3333333333333333,1.6666666666666667,1.0,2.75,2.25,3.0
t1_cau9nhu,0.7142857142857143,2.0,2.0,2.0,2.5,2.75,3.25
t1_cauc7tb,0.0,1.0,1.0,1.0,2.5,2.75,2.25
t1_caue431,0.0,1.0,1.0,1.0,1.0,1.5,1.5
t1_ck496qz,0.5714285714285714,2.6666666666666665,2.6666666666666665,1.0,2.5,2.75,3.25
t1_chkfbo3,0.8571428571428571,5.0,3.6666666666666665,3.3333333333333335,1.75,2.0,2.75
t1_cl89vmf,0.0,1.0,1.0,1.0,1.75,1.5,2.25
